<assembly
	xmlns="http://maven.apache.org/plugins/maven-assembly-plugin/assembly/1.1.2"
	xmlns:xsi="http://www.w3.org/2001/XMLSchema-instance"
	xsi:schemaLocation="http://maven.apache.org/plugins/maven-assembly-plugin/assembly/1.1.2 http://maven.apache.org/xsd/assembly-1.1.2.xsd">
	<id>bin</id>
	<formats>
		<format>tar</format>
	</formats>
	<fileSets>
		<fileSet>
			<directory>${project.build.directory}</directory>
			<outputDirectory>/nk-vacr-bscs/lib/jar/cms_plugin</outputDirectory>
			<includes>
				<include>*.jar</include>
			</includes>
			<directoryMode>0755</directoryMode>
			<fileMode>0775</fileMode>
		</fileSet>
		<fileSet>
			<directory>${project.basedir}/src/main/resources/resource</directory>
			<outputDirectory>/nk-vacr-bscs/resource</outputDirectory>
			<lineEnding>unix</lineEnding>
			<includes>
				<include>**</include>
			</includes>
			<directoryMode>0755</directoryMode>
			<fileMode>0755</fileMode>
		</fileSet>
		<fileSet>
			<directory>${project.basedir}/script/deployment</directory>
			<outputDirectory>/nk-vacr-bscs</outputDirectory>
			<lineEnding>unix</lineEnding>
			<includes>
				<include>**</include>
			</includes>
			<directoryMode>0755</directoryMode>
			<fileMode>0775</fileMode>
		</fileSet>
		<fileSet>
			<directory>${project.basedir}/script/database</directory>
			<outputDirectory>/nk-vacr-database</outputDirectory>
			<lineEnding>unix</lineEnding>
			<includes>
				<include>**</include>
			</includes>
			<directoryMode>0755</directoryMode>
			<fileMode>0755</fileMode>
		</fileSet>
	</fileSets>

</assembly>	