<?xml version="1.0" encoding="UTF-8"?>
<!DOCTYPE command PUBLIC "cdf.dtd" "cdf.dtd">
<command name="NK_VA_CUSTOMER.READ" version="CMD_1_0" >
<doc><p>This command will be used to fetch the Customer_Id of the particular VA</p></doc>
    <in>
		<arg name="VA_ID" type="STRING" length="20" mandatory="yes"> 
			<doc>
				<p>Virtual Account ID</p>
			</doc>
		</arg>
		<arg name="BANK" type="STRING" length="10" mandatory="yes">
			<doc>
				<p>Bank Name</p>
			</doc>
		</arg>
    </in>
    <out>
         <list maxlength="*" minlength="0" name="RESULT_CUST_INFO_LIST">
		 <doc><p>A list of customer details</p></doc>
			<arg name="CUSTOMER_ID" type="LONG" class="N/A" property="N/A" table="INFO_CUST_TEXT" column="CUSTOMER_ID">
				<doc>
					<p>Customer ID of the Customer</p>
				</doc>
			</arg>
			<arg name="CUSTNUM" type="STRING"  length="30" class="N/A" property="N/A" table="CUSTOMER_ALL" column="CUSTNUM">
				<doc>
					<p>Public key of the Customer</p>
				</doc>
			</arg>
		</list>
   </out> 
</command>
