<?xml version="1.0" encoding="UTF-8"?>
<DMF_SETUP xmlns="BSS:Telco:Main:DataMigrationFramework" xmlns:xsi="http://www.w3.org/2001/XMLSchema-instance" xsi:schemaLocation="BSS:Telco:Main:DataMigrationFramework DMF_SetUp.xsd">
   
   <OPTION>
      <MIG_PROJECT_LABEL>NK_INDOSAT_REQ03_SOI</MIG_PROJECT_LABEL>
      <START_UNIT_NAME>NK_INDOSAT_REQ03_SOI</START_UNIT_NAME>
      <MIG_LOG_DIR>LOG</MIG_LOG_DIR>
      <ERROR_MAX_NUM>0</ERROR_MAX_NUM>
      <TOTAL_PROCESS_NUM>0</TOTAL_PROCESS_NUM>
      <TRACE_LEVEL>2</TRACE_LEVEL>
   </OPTION>
   
   <DEFINE Name="NK_INDOSAT_REQ03_SOI" ResourceKey="BSCS" Directory="NK_INDOSAT_REQ03_SOI">
      <DMF_DEFINITION_FILE>indo_sat_soi_mdf.xml</DMF_DEFINITION_FILE>
   </DEFINE>
   
</DMF_SETUP>
