<?xml version="1.0" encoding="UTF-8" ?>
<DMF_RESOURCE_LIST xmlns="BSS:Telco:Main:DataMigrationFramework" xmlns:xsi="http://www.w3.org/2001/XMLSchema-instance" xsi:schemaLocation="BSS:Telco:Main:DataMigrationFramework DMF_Resource.xsd">
   <RESOURCE xsi:type="DB_ORACLE" ResourceKey="REPOSITORY">
      <DB_NAME> INDONKD </DB_NAME>
      <DB_SCHEMA>DMF</DB_SCHEMA>
      <DB_PASSWORD>SYSADM</DB_PASSWORD>
   </RESOURCE>
   <RESOURCE xsi:type="DB_ORACLE" ResourceKey="DMF_REPOSITORY">
      <DB_NAME> INDONKD </DB_NAME>
      <DB_SCHEMA>DMFADM</DB_SCHEMA>
      <DB_PASSWORD>SYSADM</DB_PASSWORD>
   </RESOURCE>
   <RESOURCE xsi:type="DB_ORACLE" ResourceKey="DMF_REPOSITORY_R">
      <DB_NAME> INDONKD </DB_NAME>
     <DB_SCHEMA>DMFADM</DB_SCHEMA>
      <DB_PASSWORD>SYSADM</DB_PASSWORD>
   </RESOURCE>
   <RESOURCE xsi:type="DB_ORACLE" ResourceKey="BSCS">
      <DB_NAME> INDONKD </DB_NAME>
      <DB_SCHEMA>SYSADM</DB_SCHEMA>
      <DB_PASSWORD>SYSADM</DB_PASSWORD>
   </RESOURCE>
</DMF_RESOURCE_LIST>
