<?xml version="1.0" encoding="UTF-8"?>
<DMF_DEFINITION      xmlns="BSS:Telco:Main:DataMigrationFramework"
					xmlns:xsi="http://www.w3.org/2001/XMLSchema-instance"
					xsi:schemaLocation="BSS:Telco:Main:DataMigrationFramework DMF_Definition.xsd"
					FileName="indo_sat_bscs_soi_mdf.xml"
					FileVersion="NKINDOSAT03"
					Release="IST_NK_REQ03_SOI_0001"
					Level="IST_NK_REQ03_SOI_20170510"
					Track="NK_INDOSAT_REQ03_SOI"
					Component="DAB"
					Purpose= "INDOSAT_DMF Install Scripts"
					Type="SeqUnit"
					DummyRegistration="false"
					ReInitialize="true"
					ReExecution="false">

	<EMS Extension=".sql">01_NKADM_USER_CREATION</EMS>
	<EMS Extension=".sql">02_VA_SEQUENCE</EMS>
	<EMS Extension=".sql">03_ISAT_VA_CUST_TYPE_PRGCODE</EMS>
	<EMS Extension=".sql">04_INSERT_INFO_CUST_TEXT_VA</EMS>
	<EMS Extension=".sql">05_INSERT_BILLING_ACCOUNT_VA</EMS>
	<EMS Extension=".sql">06_UPDATE_CUSTOMER_VA</EMS>
	<EMS Extension=".sql">07_NK_VA_CUST_READ</EMS>
</DMF_DEFINITION>
